{
    "planets":{
        "Breha":{
            "pos":[0.9700436,  -0.24308753, 0],
            "vel":[0.466203685,0.43236573, 0],
            "radius":10,
            "colour":[31, 173, 67]
        },
        "Moon":{
            "pos":[-0.9700436,  0.24308753, 0],
            "vel":[0.466203685,0.43236573, 0],
            "radius":10,
            "colour":[232, 235, 233]
        },
        "Sun":{
            "pos":[0,0,0],
            "vel":[-0.93240737,-0.86473146, 0],
            "radius":10,
            "colour":[252, 223, 3]
        }
    },
    "scale":200
}